"id","code","name","level"
"3","A0101","Smartphone","3"
"4","A0102","Handphone Basic","3"
"6","A0201","Tablet Dengan Telepon","3"
"7","A0202","Tablet Tanpa Telepon","3"
"9","A0301","Phablet","3"
"10","A0302","Aksesoris Phablet","3"
"11","A030201","Kabel","4"
"12","A030202","Sarung & Pelindung","4"
"13","A030203","Pelindung Layar","4"
"14","A030204","Aksesoris Phablet Lainnya","4"
"16","A0401","Kabel","3"
"17","A0402","Sarung & Pelindung","3"
"18","A0403","Pelindung Layar","3"
"19","A0404","Aksesoris Mobil","3"
"20","A040401","Car Holder","4"
"21","A040402","Kabel Aux","4"
"22","A040403","Skintack","4"
"23","A0405","Smart Watch","3"
"24","A040501","Pria","4"
"25","A040502","Wanita","4"
"27","A0501","Kabel Aux","3"
"28","A0502","Sarung & Pelindung","3"
"29","A0503","Pelindung Layar","3"
"30","A0504","Aksesoris Tablet Lainnya","3"
"32","A0601","Baterai","3"
"33","A0602","Charger","3"
"34","A0603","Power Bank","3"
"35","A0604","Charger Mobil","3"
"37","A0701","Modem Wi-Fi","3"
"38","A0702","Modem USB","3"
"40","A0801","Telepon Kabel & Nirkabel","3"
"42","A0901","Kartu Prabayar","3"
"45","B0101","Televisi","3"
"46","B010101","TV LED","4"
"47","B010102","TV LCD","4"
"48","B010103","TV Plasma","4"
"49","B010104","Smart TV","4"
"50","B010105","TV 3D","4"
"51","B010106","TV CRT","4"
"52","B0102","Blu-Ray & DVD Player","3"
"53","B010201","Blu-Ray Player","4"
"54","B010202","DVD Player","4"
"55","B010203","Media Player","4"
"56","B0103","Home Theater","3"
"57","B010301","Home Theater Set","4"
"58","B010302","Soundbar","4"
"59","B010303","Amplifier","4"
"60","B010304","AV Receiver","4"
"61","B010305","Speaker","4"
"62","B0104","Aksesoris TV & Video","3"
"63","B010401","Kabel Aux","4"
"64","B010402","Stabilizer","4"
"65","B010403","Remote Control","4"
"66","B010404","Kacamata Video","4"
"67","B010405","Internet Add-on untuk TV","4"
"68","B010406","Bracket Dinding TV","4"
"70","B0201","Home Audio","3"
"71","B020101","Karaoke","4"
"72","B020102","Radio FM","4"
"73","B020103","Turntable","4"
"74","B020104","Perekam Suara","4"
"75","B020105","CD Player","4"
"76","B0202","Headphone","3"
"77","B020201","Bluetooth","4"
"78","B020202","Over-The-Ear","4"
"79","B0203","MP3 Player & IPod","3"
"80","B020301","IPod","4"
"81","B020302","MP3 Player","4"
"82","B020303","MP4 Player","4"
"83","B0204","Aksesoris Audio","3"
"84","B020401","Kabel","4"
"85","B020402","Mikrofon","4"
"86","B020403","Sarung & Pelindung","4"
"87","B020404","Aksesoris Audio Lainnya","4"
"88","B0205","Speaker","3"
"89","B020501","Portable Speaker","4"
"90","B02050101","Bluetooth","5"
"91","B02050102","Kabel","5"
"92","B020502","Hi-Fi System","4"
"93","B020503","Docking Station","4"
"94","B020504","Boombox","4"
"95","B020505","Mini Speaker","4"
"96","B0206","Home Audio Lainnya","3"
"98","B0301","Wristband","3"
"99","B0302","Wrist Strap","3"
"100","B0303","Peralatan Elektronik Lainnya","3"
"102","B0401","Game","3"
"103","B040101","Nintendo 3DS","4"
"104","B040102","PS Vita","4"
"105","B040103","Game Komputer","4"
"106","B040104","PS 3","4"
"107","B040105","Nintendo DS","4"
"108","B040106","PSP","4"
"109","B040107","Xbox 360","4"
"110","B0402","Console Game","3"
"111","B040201","Handheld","4"
"112","B040202","Stasioner Console","4"
"113","B04020201","Xbox 360","5"
"114","B04020202","Nintendo Wii","5"
"115","B04020203","Playstation","5"
"116","B0403","Aksesoris Game","3"
"117","B040301","Charger Game","4"
"118","B040302","Keyboard Game","4"
"119","B040303","Mouse Game","4"
"120","B040304","Stik & Pengontrol Game","4"
"121","B040305","Gamepad","4"
"122","B040306","Pelindung Game","4"
"123","B040307","Aksesoris Game Lainnya","4"
"126","C0101","Sunglasses","3"
"127","C010101","Oval","4"
"128","C010102","Rectangle","4"
"129","C010103","Round","4"
"130","C010104","Square","4"
"131","C010105","Wayfarer","4"
"132","C0102","Contact Lens","3"
"133","C010201","Daily Disposable","4"
"134","C010202","Monthly Disposable","4"
"135","C010203","Colored Lenses","4"
"136","C010204","Toric Lenses","4"
"137","C0103","Frame","3"
"138","C010301","Full Rim","4"
"139","C010302","Rimless","4"
"140","C010303","Semi Rim","4"
"141","C0104","Kacamata Baca","3"
"142","C010401","Oval","4"
"143","C010402","Rectangle","4"
"144","C010403","Round","4"
"145","C010404","Square","4"
"146","C010405","Wayfarer","4"
"147","C0105","Kacamata Prescription","3"
"148","C0106","Sarung & Pelindung","3"
"149","C0107","Aksesoris Lainnya","3"
"151","C0201","Pakaian","3"
"152","C020101","Dress","4"
"153","C020102","T-shirt & Polo Shirt","4"
"154","C020103","Kemeja","4"
"155","C020104","Sweater & Cardigan","4"
"156","C020105","Jaket & Coat","4"
"157","C020106","Jeans","4"
"158","C020107","Celana Panjang & Pendek","4"
"159","C020108","Rok","4"
"160","C020109","Pakaian Dalam & Pakaian Tidur","4"
"161","C020110","Etnik","4"
"162","C020111","Pakaian Olahraga","4"
"163","C020112","Formal","4"
"164","C020113","Kasual","4"
"165","C020114","Pakaian Renang","4"
"166","C0202","Busana Muslim","3"
"167","C020201","Atasan","4"
"168","C020202","Dress","4"
"169","C020203","Rok","4"
"170","C020204","Celana","4"
"171","C020205","Sarung & Mukena","4"
"172","C020206","Jaket & Cardigan","4"
"173","C020207","Sepatu","4"
"174","C020208","Aksesoris Lainnya","4"
"175","C0203","Aksesoris","3"
"176","C020301","Ikat Pinggang","4"
"177","C020302","Topi","4"
"178","C020303","Scarf","4"
"179","C020304","Payung","4"
"180","C020305","Aksesoris Rambut","4"
"181","C020306","Aksesoris Sepatu","4"
"182","C020307","Aksesoris Lainnya","4"
"183","C0204","Sepatu Wanita","3"
"184","C020401","Boots","4"
"185","C020402","Flat shoes","4"
"186","C020403","Heel","4"
"187","C020404","Luxury","4"
"188","C020405","Sandal","4"
"189","C020406","Sneaker","4"
"190","C020407","Slip-on","4"
"191","C020408","Wedges","4"
"192","C020409","Sepatu Formal","4"
"193","C020410","Sepatu Kasual","4"
"194","C020411","Sepatu Olahraga","4"
"197","AC0101","Mini Dress","3"
"198","AC0102","Midi Dress","3"
"199","AC0103","Long Dress","3"
"200","AC0104","Kain","3"
"201","AC0105","Gaun Pengantin","3"
"203","AC0201","Kaos & Polo Shirt","3"
"204","AC0202","Blouse","3"
"205","AC0203","Tunik","3"
"206","AC0204","Kemeja","3"
"207","AC0205","Tank Top","3"
"208","AC0206","Sweater & Cardigan","3"
"209","AC0207","Jaket & Coat","3"
"210","AC0208","Blazer","3"
"211","AC0209","Vest","3"
"213","AC0301","Dress","3"
"214","AC0302","Atasan","3"
"215","AC0303","Bawahan","3"
"217","AC0401","Celana Panjang","3"
"218","AC0402","Celana Pendek","3"
"219","AC0403","Rok","3"
"220","AC0404","Legging","3"
"222","AC0501","Pakaian Tradisional","3"
"223","AC0502","Batik","3"
"224","AC0503","Kain","3"
"226","AC0601","Pakaian Renang","3"
"227","AC0602","Pakaian Olahraga Lainnya","3"
"229","AC0701","Baju Hamil","3"
"231","AC0801","Playsuits & Jumpsuits","3"
"233","AC0901","Hijab","3"
"234","AC0902","Atasan","3"
"235","AC0903","Dress","3"
"236","AC0904","Rok","3"
"237","AC0905","Celana","3"
"238","AC0906","Sarung & Mukena","3"
"239","AC0907","Jaket & Cardigan","3"
"240","AC0908","Aksesoris","3"
"242","AC1001","Ikat Pinggang","3"
"243","AC1002","Scarf, Selendang & Pashmina","3"
"244","AC1003","Topi","3"
"245","AC1004","Aksesoris Rambut","3"
"246","AC1005","Aksesoris Sepatu","3"
"247","AC1006","Aksesoris Wanita Lainnya","3"
"249","AC1101","Lingerie","3"
"250","AC1102","Bra","3"
"251","AC1103","Celana Dalam","3"
"252","AC1104","Korset & Shapewear","3"
"253","AC1105","Pakaian Dalam Lainnya","3"
"254","AC1106","Piyama","3"
"255","AC1107","Gaun Tidur","3"
"257","AC1201","Boots","3"
"258","AC1202","Flat Shoes","3"
"259","AC1203","Heels","3"
"260","AC1204","Luxury","3"
"261","AC1205","Sandal","3"
"262","AC1206","Sneakers","3"
"263","AC1207","Slip-On","3"
"264","AC1208","Wedges","3"
"265","AC1209","Sepatu Formal","3"
"266","AC1210","Sepatu Kasual","3"
"267","AC1211","Sepatu Olahraga","3"
"268","AC1212","Kaus Kaki","3"
"270","AC1301","Sunglasses","3"
"271","AC1303","Frame Kacamata","3"
"272","AC1304","Kacamata Baca","3"
"273","AC1305","Kacamata Prescription","3"
"274","AC1306","Aksesoris Lainnya","3"
"277","BC0101","Kaos & Polo Shirt","3"
"278","BC0102","Kemeja","3"
"279","BC0103","Sweater & Cardigan","3"
"280","BC0104","Jaket & Coat","3"
"281","BC0105","Jas","3"
"282","BC0106","Vest","3"
"284","BC0201","Atasan Jeans","3"
"285","BC0202","Bawahan Jeans","3"
"287","BC0301","Celana Panjang","3"
"288","BC0302","Celana Pendek","3"
"290","BC0401","Batik","3"
"291","BC0402","Pakaian Tradisional","3"
"293","BC0501","Pakaian Renang","3"
"294","BC0502","Pakaian Olahraga Lainnya","3"
"296","BC0601","Kaos","3"
"297","BC0602","Kemeja","3"
"298","BC0603","Sarung","3"
"299","BC0604","Jaket & Cardigan","3"
"300","BC0605","Sepatu Muslim","3"
"301","BC0606","Busana Muslim Lainnya","3"
"303","BC0701","Ikat Pinggang","3"
"304","BC0702","Topi","3"
"305","BC0703","Cufflink","3"
"306","BC0704","Sarung Tangan","3"
"307","BC0705","Scarf","3"
"308","BC0706","Aksesoris Pria Lainnya","3"
"310","BC0801","Pakaian Dalam","3"
"311","BC0802","Piyama","3"
"313","BC0901","Boots","3"
"314","BC0902","Flat Shoes","3"
"315","BC0903","Sandal","3"
"316","BC0904","Sneakers","3"
"317","BC0905","Slip-On","3"
"318","BC0906","Sepatu Formal","3"
"319","BC0907","Sepatu Kasual","3"
"320","BC0908","Sepatu Olahraga","3"
"321","BC0909","Kaus Kaki","3"
"323","BC1001","Sunglasses","3"
"324","BC1003","Frame Kacamata","3"
"325","BC1004","Kacamata Baca","3"
"326","BC1005","Kacamata Prescription","3"
"327","BC1006","Aksesoris Lainnya","3"
"330","D0101","SLR","3"
"332","D0201","Kamera Mirrorless","3"
"334","D0301","Kamera Prosumer","3"
"336","D0401","Kamera Pocket","3"
"338","D0501","Kamera Instan","3"
"340","D0601","Kamera Mini","3"
"342","D0701","Personal","3"
"343","D0702","Olahraga & Aksi","3"
"344","D0703","Profesional","3"
"346","D0801","Baterai","3"
"347","D0802","Charger Baterai","3"
"348","D0803","Teropong","3"
"349","D0804","Filter","3"
"350","D0805","Lampu Kilat","3"
"351","D0806","Lensa","3"
"352","D0807","Kartu Memori","3"
"353","D0808","Monopod","3"
"354","D0809","Tripod","3"
"355","D0810","Tas Kamera","3"
"356","D0811","Aksesoris Kamera Lainnya","3"
"359","E0101","Makeup","3"
"360","E010101","Mata","4"
"361","E01010101","Eye Liner & Kajal","5"
"362","E01010102","Primer Mata","5"
"363","E01010103","Eye Shadow","5"
"364","E01010104","Pensil Alis","5"
"365","E01010105","Eyelid Tape","5"
"366","E01010106","Bulu Mata Palsu","5"
"367","E01010107","Maskara","5"
"368","E010102","Wajah","4"
"369","E01010201","Perona Pipi","5"
"370","E01010202","Bronzer","5"
"371","E01010203","Bedak","5"
"372","E01010204","Foundation","5"
"373","E01010205","Shimmer and Highlighter","5"
"374","E01010206","Shine Control","5"
"375","E01010207","BB & CC Cream","5"
"376","E01010208","Primer","5"
"377","E01010209","Concealer","5"
"378","E01010210","Tinted Moisturizer","5"
"379","E010103","Bibir","4"
"380","E01010301","Lip Balm dan Perawatan Bibir","5"
"381","E01010302","Lip Glosses","5"
"382","E01010303","Lip Liner","5"
"383","E01010304","Lip Plumper","5"
"384","E010104","Tubuh","4"
"385","E01010401","Bronzer Tubuh","5"
"386","E01010402","Tanning Tubuh","5"
"387","E01010403","Shimmer and Glitter Tubuh","5"
"388","E0102","Perawatan Kulit","3"
"389","E010201","Perawatan Mata","4"
"390","E01020101","Solusi Penuaan Dini","5"
"391","E01020102","Solusi Lingkaran Hitam & Kantung Mata","5"
"392","E01020103","Contact Lens","5"
"393","E01020104","Perawatan Contact Lens & Aksesoris","5"
"394","E01020105","Obat Tetes Mata","5"
"395","E010202","Perawatan Wajah","4"
"396","E01020201","Perawatan Jerawat","5"
"397","E01020202","Anti Penuaan Dini","5"
"398","E01020203","Masker Wajah","5"
"399","E01020204","Scrub dan Pengelupas Wajah","5"
"400","E01020205","Pembersih Wajah","5"
"401","E01020206","Set Perawatan Wajah","5"
"402","E01020207","Moisturizers and Creams","5"
"403","E01020208","Krim Bekas Luka","5"
"404","E01020209","Tabir Surya & Aftersun","5"
"405","E01020210","Toner & Mists","5"
"406","E01020211","Perawatan Wajah & Serum","5"
"407","E01020212","Perawatan Leher & Bahu","5"
"408","E01020213","Produk Pemutih Wajah","5"
"409","E010203","Krim & Pelembab Wajah","4"
"410","E01020301","Anti Penuaan Dini","5"
"411","E01020302","Krim Bekas Luka  & Stretch Mark","5"
"412","E01020303","Selulit & Pembakar Lemak","5"
"413","E01020304","Pelembab","5"
"414","E01020305","Pemutih","5"
"415","E010204","Perlindungan Sinar Matahari","4"
"416","E01020401","Sunblock","5"
"417","E01020402","Aftersun","5"
"418","E01020403","Tanning Oil","5"
"419","E01020404","Tanning Tubuh","5"
"420","E0103","Perawatan Rambut","3"
"421","E010301","Shampo","4"
"422","E010302","Conditioner","4"
"423","E010303","Aksesoris Perawatan Rambut","4"
"424","E010304","Set Perawatan Rambut","4"
"425","E010305","Cat Rambut","4"
"426","E010306","Minyak Rambut","4"
"427","E010307","Hair Removal","4"
"428","E010308","Styling Rambut","4"
"429","E010309","Perawatan Rambut","4"
"430","E0104","Perawatan Tubuh","3"
"431","E010401","Body and Essential Oils","4"
"432","E010402","Scrub Tubuh","4"
"433","E010403","Sabun Mandi","4"
"434","E010404","Perawatan Tangan","4"
"435","E010405","Perawatan Kaki","4"
"436","E010406","Perawatan Mulut","4"
"437","E010407","Perawatan Payudara","4"
"438","E010408","Kesehatan Lansia","4"
"439","E0105","Perawatan Kuku","3"
"440","E010501","Kuku Palsu","4"
"441","E010502","Perawatan Kuku Tangan & Aksesoris","4"
"442","E010503","Nail Art & Sticker","4"
"443","E010504","Gunting Kuku","4"
"444","E010505","Cat, Remover & Perawatan Kuku","4"
"445","E010506","Top Coat & Base Coat","4"
"446","E010507","Set Cat Kuku","4"
"447","E010508","Peralatan Kuku","4"
"448","E0106","Parfum","3"
"449","E010601","Parfum Pria","4"
"450","E01060101","Body Spray","5"
"451","E01060102","Eau De Cologne","5"
"452","E01060103","Eau De Parfum","5"
"453","E01060104","Eau De Toilette","5"
"454","E01060105","Set Parfum Pria","5"
"455","E010602","Parfum Wanita","4"
"456","E01060201","Body Spray & Mist","5"
"457","E01060202","Eau De Cologne","5"
"458","E01060203","Eau De Parfum","5"
"459","E01060204","Eau De Toilette","5"
"460","E01060205","Set Parfum Wanita","5"
"461","E010603","Parfum Mix","4"
"462","E0107","Perawatan Pria","3"
"463","E010701","Perawatan Tubuh","4"
"464","E010702","Perawatan Wajah","4"
"465","E010703","Perawatan Kaki & Tangan","4"
"466","E010704","Perawatan Rambut","4"
"467","E010705","Styling Rambut","4"
"468","E010706","Perawatan Rambut","4"
"469","E010707","Peralatan Kebersihan","4"
"470","E010708","Perlengkapan Bercukur","4"
"471","E010709","Deodoran","4"
"472","E0108","Pakaian Pembentuk Tubuh","3"
"473","E0109","Aksesoris Tubuh & Perlengkapan Mandi","3"
"474","E010901","Garam & Bubble Mandi","4"
"475","E010902","Sikat Mandi","4"
"476","E010903","Spons Mandi & Loofah","4"
"477","E010904","Alat Cukur & Pisau Cukur","4"
"479","E0201","Alat Makeup","3"
"480","E020101","Kuas & Aplikator","4"
"481","E020102","Bola Kapas & Pembersih Telinga","4"
"482","E020103","Pelentik Bulu Mata","4"
"483","E020104","Tissue Wajah","4"
"484","E020105","Tas Makeup & Organizer","4"
"485","E020106","Set & Palet Makeup","4"
"486","E020107","Pembersih Makeup","4"
"487","E020108","Kaca","4"
"488","E020109","Puff & Spons","4"
"489","E020110","Rautan","4"
"490","E020111","Penjepit & Alat Cukur","4"
"491","E0202","Alat Perawatan Kulit","3"
"492","E020201","Tubuh","4"
"493","E020202","Wajah","4"
"494","E0203","Alat Pelangsing & Pemijat","3"
"495","E020301","Mekanis","4"
"496","E020302","Elektrik","4"
"497","E0204","Alat Styling Rambut & Pencukur","3"
"498","E020401","Alat Penghilang Rambut","4"
"499","E020402","Alat Styling Rambut","4"
"500","E020403","Alat Pencukur Rambut","4"
"502","E0301","Suplemen Kesehatan & Pelangsing","3"
"503","E030101","Vitamin & Suplemen","4"
"504","E030102","Produk Pelangsing","4"
"505","E030103","Suplemen Kecantikan","4"
"506","E030104","Suplemen Kesehatan","4"
"507","E030105","Nutrisi Olahraga","4"
"508","E030106","Produk Spa","4"
"509","E0302","Kontrasepsi","3"
"510","E030201","Kondom","4"
"511","E030202","Pelumas","4"
"512","E030203","Minyak Pijat, Tubuh & Esensial","4"
"513","E030204","Obat Kuat","4"
"514","E030205","Mainan Sensual","4"
"515","E0303","Perawatan Diri","3"
"516","E030301","Tampon","4"
"517","E030302","Pembalut","4"
"518","E030303","Panty Liner","4"
"519","E030304","Pembersih Kewanitaan","4"
"520","E030305","Pelembab Kewanitaan","4"
"521","E030306","Kesuburan & Kehamilan","4"
"522","E030307","Bedak Tabur","4"
"523","E0304","Perlengkapan Medis","3"
"524","E030401","Farmasi","4"
"525","E030402","Monitor Tekanan Darah","4"
"526","E030403","Termometer","4"
"527","E030404","Perban & Alat Terapi Cedera","4"
"528","E030405","Pedometer","4"
"529","E030406","P3K","4"
"530","E030407","Tes Medis","4"
"531","E030408","Timbangan & Alat Ukur Kadar Lemak","4"
"532","E030409","Perlengkapan & Peralatan Medis Lainnya","4"
"535","F0101","Formal","3"
"536","F0102","Fashion","3"
"537","F0103","Santai","3"
"538","F0104","Olahraga","3"
"539","F0105","Luxury","3"
"540","F0106","Aksesoris Jam Tangan","3"
"542","F0201","Formal","3"
"543","F0202","Fashion","3"
"544","F0203","Santai","3"
"545","F0204","Olahraga","3"
"546","F0205","Luxury","3"
"547","F0206","Aksesoris Jam Tangan","3"
"549","F0301","Laki-laki","3"
"550","F0302","Perempuan","3"
"552","F0401","Gelang","3"
"553","F0402","Anting","3"
"554","F0403","Kalung","3"
"555","F0404","Cincin","3"
"556","F0405","Set Perhiasan","3"
"557","F0406","Luxury","3"
"558","F0407","Emas","3"
"559","F0408","Liontin & Set","3"
"560","F0409","Perhiasan Lainnya","3"
"563","G0101","Microwave","3"
"564","G010101","Grill Microwave","4"
"565","G010102","Digital & Manual Microwave Oven","4"
"566","G010103","Convection Microwave","4"
"567","G010104","Aksesoris Microwave","4"
"568","G0102","Oven","3"
"569","G010201","Oven Elektrik","4"
"570","G010202","Oven Pemanggang","4"
"571","G010203","Built-In Oven","4"
"572","G010204","Alat Pembuat Sarapan","4"
"573","G010205","Oven Halogen Kaca","4"
"574","G010206","Aksesoris Oven","4"
"575","G0103","Blender, Mixer & Penggiling","3"
"576","G010301","Blender","4"
"577","G010302","Blender Tangan","4"
"578","G010303","Mixer","4"
"579","G010304","Penggiling","4"
"580","G010305","Aksesoris Blender & Mixer","4"
"581","G0104","Mesin Kopi & Aksesoris","3"
"582","G010401","Mesin Kopi Otomatis","4"
"583","G010402","Mesin Kopi Manual","4"
"584","G010403","Mesin Kopi Kapsul","4"
"585","G010404","Kopi & Pelengkap","4"
"586","G010405","Mesin Kopi Built-in","4"
"587","G010406","Penyeduh Teh","4"
"588","G010407","Pengaduk Pembuat Buih Susu","4"
"589","G010408","Aksesoris Mesin Kopi","4"
"590","G0105","Ketel Elektrik & Thermo Pot","3"
"591","G010501","Ketel Elektrik","4"
"592","G010502","Thermo Pot","4"
"593","G0106","Peralatan Masak Elektrik","3"
"594","G010601","Pisau & Pengasah Pisau Elektrik","4"
"595","G010602","Panci Elektrik","4"
"596","G010603","Food Processor","4"
"597","G0107","Kompor","3"
"598","G010701","Kompor Elektrik","4"
"599","G010702","Kompor Gas","4"
"600","G010703","Kompor Induksi","4"
"601","G010704","Kompor Inframerah","4"
"602","G010705","Kompor Lainnya","4"
"603","G0108","Juicers & Pengekstrak Buah","3"
"604","G010801","Juicer","4"
"605","G010802","Juicer Jeruk","4"
"606","G010803","Slow Juicer","4"
"607","G0109","Dispenser Air","3"
"608","G0110","Lemari Es","3"
"609","G0111","Pendingin","3"
"610","G0112","Pencuci Piring","3"
"611","G0113","Rice Cooker & Steamer","3"
"612","G011301","Rice Cooker","4"
"613","G01130101","Rice Cooker Digital","5"
"614","G01130102","Rice Cooker Konvensional","5"
"615","G01130103","Rice Cooker Jar","5"
"616","G011302","Slow Cookers","4"
"617","G011303","Steamers","4"
"618","G011304","Pressure cookers","4"
"619","G011305","Multi Cooker","4"
"620","G011306","Alat Rebus Telur","4"
"621","G011307","Aksesoris Cooker","4"
"622","G0114","Peralatan Masak Khusus","3"
"623","G011401","Alat Masak Lainnya","4"
"624","G011402","Pembuat Roti","4"
"625","G011403","Pembuat Pasta","4"
"626","G011404","Kotak Makan Elektrik","4"
"627","G011405","Food Purifier","4"
"628","G011406","Aksesoris","4"
"630","G0201","AC","3"
"631","G020101","AC Split","4"
"632","G020102","AC Window","4"
"633","G020103","AC Lantai","4"
"634","G020104","Aksesoris AC","4"
"635","G0202","Penjernih Udara, Dehumidifier & Humidifier","3"
"636","G020201","Penjernih Udara","4"
"637","G020202","Dehumidifier","4"
"638","G020203","Humidifier","4"
"639","G0203","Kipas Angin","3"
"640","G020301","Kipas  Dinding & Langit-langit","4"
"641","G020302","Kipas Berdiri","4"
"642","G020303","Kipas Geser","4"
"643","G020304","Kipas Meja","4"
"644","G020305","Kipas Tower & Berdiri","4"
"645","G020306","Kipas Bladeless","4"
"646","G020307","Kiaps Industrial","4"
"647","G020308","Kipas Isi Ulang","4"
"648","G020309","Aksesoris Kipas","4"
"649","G020310","Kipas Kotak","4"
"650","G0204","Pemanas Air","3"
"651","G020401","Pemanas Air Multipoint","4"
"652","G020402","Pemanas Air Singlepoint","4"
"653","G020403","Aksesoris Pemanas Air","4"
"654","G0205","Ventilasi","3"
"655","G020501","Kipas Exhaust","4"
"656","G020502","Kipas Ventilasi","4"
"657","G020503","Aksesoris Ventilasi","4"
"658","G0206","Pendingin Udara","3"
"659","G0207","Air Curtain","3"
"661","G0301","Penghisap Debu","3"
"662","G030101","Penghisap Debu Bag & Bagless","4"
"663","G030102","Penghisap Debu Genggam","4"
"664","G030103","Penghisap Debu Robotik","4"
"665","G030104","Penghisap Debu Basah & Kering","4"
"666","G030105","Penghisap Debu Upright","4"
"667","G030106","Power Vacuum","4"
"668","G030107","Aksesoris Penghisap Debu","4"
"669","G0302","Perawatan Lantai","3"
"670","G030201","Sapu Elektrik","4"
"671","G030202","Pemoles Lantai","4"
"672","G030203","Pel Steam","4"
"673","G030204","Pressure Washer","4"
"674","G030205","Sapu, Pel & Sweeper","4"
"675","G0303","Lampu Isi Ulang","3"
"676","G0304","Pembasmi Serangga","3"
"678","G0401","Setrika & Steamer","3"
"679","G040101","Dry Iron","4"
"680","G040102","Steam Iron","4"
"681","G040103","Steam Station","4"
"682","G0402","Mesin Jahit","3"
"683","G0403","Mesin Cuci & Pengering Pakaian","3"
"684","G040301","Mesin Cuci","4"
"685","G040302","Pengering Pakaian","4"
"686","G040303","Mesin Cuci - Pengering","4"
"687","G040304","Aksesoris Mesin Cuci & Pengering Pakaian","4"
"690","H0101","Basic","3"
"691","H0102","Netbook","3"
"692","H0103","Ultrabook","3"
"693","H0104","Game","3"
"694","H0105","Profesional","3"
"695","H0106","Layar Sentuh","3"
"697","H0201","PC All-in-One","3"
"698","H0202","PC Basic","3"
"699","H0203","PC Game","3"
"700","H0204","PC Profesional","3"
"701","H0205","Komputer Rakitan","3"
"703","H0301","Cabinet","3"
"704","H0302","Combo Motherboard","3"
"705","H0303","Fan & Heatsink","3"
"706","H0304","Graphic Card","3"
"707","H0305","Internal Optical Drive","3"
"708","H0306","Motherboard","3"
"709","H0307","Power Supply Unit","3"
"710","H0308","Processor","3"
"711","H0309","RAM","3"
"713","H0401","Adaptor Komputer","3"
"714","H0402","Baterai","3"
"715","H0403","Alat Pendingin","3"
"716","H0404","Hard Disk External","3"
"717","H0405","Keyboard","3"
"718","H0406","Mouse","3"
"719","H0407","Monitor","3"
"720","H0408","Tuner TV","3"
"721","H0409","Webcam","3"
"722","H0410","Tas & Pelindung Laptop","3"
"723","H0411","Aksesoris Lainnya","3"
"725","H0501","Access Point","3"
"726","H0502","Kabel","3"
"727","H0503","Router","3"
"728","H0504","Pengalih Jaringan","3"
"729","H0505","Adaptor USB Nirkabel","3"
"731","H0601","Tinta Inkjet","3"
"732","H0602","Toner Laser","3"
"733","H0603","Printer Multifungsi","3"
"734","H0604","Printer","3"
"735","H0605","Printer Stand","3"
"736","H0606","Printer Label","3"
"737","H0607","Mesin Fax","3"
"739","H0701","Proyektor Mini","3"
"740","H0702","Proyektor","3"
"741","H0703","Layar Proyektor","3"
"743","H0801","Scanner","3"
"745","H0901","Solid State Drive","3"
"746","H0902","Hard Drive Eksternal","3"
"747","H0903","Hard Drive Internal","3"
"748","H0904","USB Flash Drive","3"
"750","H1001","Media Pendidikan","3"
"751","H1002","Software Office","3"
"752","H1003","Sistem Operasi","3"
"753","H1004","Software Keamanan","3"
"756","I0101","Furnitur Kamar Tidur","3"
"757","I010101","Tempat Tidur","4"
"758","I010102","Meja Tempat Tidur","4"
"759","I010103","Laci & Lemari Pakaian","4"
"760","I010104","Meja Rias Kamar Tidur","4"
"761","I010105","Lemari Pakaian","4"
"762","I010106","Bed End","4"
"763","I010107","Kasur & Kasur Susun","4"
"764","I010108","Panel Screen","4"
"765","I010109","Tempat Penyimpanan","4"
"766","I0102","Furnitur Ruang Tamu","3"
"767","I010201","Kursi","4"
"768","I010202","Sofa & Sofa Sectional","4"
"769","I010203","Meja","4"
"770","I010204","Tempat Penyimpanan Media & TV","4"
"771","I010205","Rak","4"
"772","I010206","Ottoman","4"
"773","I0103","Furnitur Dapur & Ruang Makan","3"
"774","I010301","Meja Makan","4"
"775","I010302","Furnitur Bar Rumah","4"
"776","I010303","Kursi Makan","4"
"777","I010304","Kabinet","4"
"778","I010305","Dining Room Set","4"
"779","I010306","Buffet, Crendenza & Sideboard","4"
"780","I0104","Furnitur Anak & Bayi","3"
"781","I010401","Furnitur Ruang Bermain","4"
"782","I010402","Furnitur Ruang Tidur Anak","4"
"783","I010403","Tempat Tidur Anak","4"
"784","I010404","Karpet Anak","4"
"785","I0105","Furnitur Ruang Kerja Rumah","3"
"786","I010501","Meja Ruang Kerja Rumah","4"
"787","I010502","Kursi Ruang Kerja Rumah","4"
"788","I010503","Meja Laptop & Printer","4"
"789","I010504","Aksesoris Ergonomis","4"
"790","I010505","Rak Buku Kantor","4"
"791","I010506","Rak Arsip & Dokumen","4"
"792","I010507","Perangkat Furnitur Ruang Kerja Rumah","4"
"793","I0106","Furnitur Ruang Depan","3"
"794","I010601","Rak Jaket & Payung","4"
"795","I010602","Dudukan Tanaman & Meja Telepon","4"
"796","I010603","Tongkat Penyimpanan","4"
"797","I010604","Kursi Penyiman & Aksen","4"
"798","I010605","Laci Selasar","4"
"799","I010606","Rak Sepatu","4"
"800","I0107","Furnitur Ruang Bermain","3"
"801","I010701","Meja Poker","4"
"802","I010702","Meja Biliar","4"
"803","I010703","Meja Game","4"
"804","I010704","Meja Foosball","4"
"805","I010705","Kursi Video Game","4"
"806","I0108","Furnitur Replika","3"
"808","I0201","Perangkat Pemanggang","3"
"809","I020101","Nampan & Pinggan Pemanggang","4"
"810","I020102","Mangkuk Pemanggang & Kaserol","4"
"811","I020103","Pemotong & Cetakan Kue","4"
"812","I020104","Alat Pemanggang & Aksesoris","4"
"813","I020105","Set Alat Panggangan","4"
"814","I020106","Wadah Mixer","4"
"815","I020107","Penggiling","4"
"816","I020108","Alat Kue","4"
"817","I020109","Alat Masak Bahan Silikon","4"
"818","I0202","Peralatan Masak","3"
"819","I020201","Panci dan Wajan","4"
"820","I020202","Kuali & Wajan Tumis","4"
"821","I020203","Panci dan Wajan Khusus","4"
"822","I020204","Panci Presto & Steamer","4"
"823","I020205","Set Peralatan Masak","4"
"824","I020206","Pemanggang & Oven","4"
"825","I020207","Aksesoris Peralatan Masak","4"
"826","I020208","Perangkat Masak Khusus","4"
"827","I020209","Panci Kaldu","4"
"828","I020210","Piring Kaserol","4"
"829","I0203","Peralatan Meja","3"
"830","I020301","Sendok, Garpu, Pisau & Sumpit","4"
"831","I020302","Perangkat Makan","4"
"832","I020303","Set Perangkat Makan","4"
"833","I020304","Perangkat Minum & Gelas","4"
"834","I020305","Perangkat Penyaji","4"
"835","I020306","Peralatan Bar","4"
"836","I020307","Peralatan Makan Sekali Pakai","4"
"837","I0204","Pisau Dapur","3"
"838","I020401","Pisau Tulang & Fillet","4"
"839","I020402","Pisau Roti & Bergerigi","4"
"840","I020403","Pisau Kue","4"
"841","I020404","Pisau & Garpu Daging","4"
"842","I020405","Pisau Koki","4"
"843","I020406","Pisau Golok","4"
"844","I020407","Tempat Penyimpan Pisau","4"
"845","I020408","Pengasah Pisau","4"
"846","I020409","Pisau Kupas","4"
"847","I020410","Pisau Khusus","4"
"848","I020411","Pisau Steak","4"
"849","I020412","Pisau Utilitas","4"
"850","I020413","Pisau Asia","4"
"851","I020414","Set Pisau","4"
"852","I0205","Alas Meja & Aksesoris Dapur","3"
"853","I020501","Taplak Meja","4"
"854","I020502","Taplak Meja Panjang","4"
"855","I020503","Serbet Kain","4"
"856","I020504","Napkin Ring","4"
"857","I020505","Alas Piring & Gelas","4"
"858","I020506","Kain & Lap Piring","4"
"859","I020507","Tutup Teko","4"
"860","I020508","Sarung Tangan Teko & Oven","4"
"861","I020509","Celemek","4"
"862","I020510","Aksesoris","4"
"863","I0206","Penyimpanan Dapur","3"
"864","I020601","Tempat Sampah & Lemari","4"
"865","I020602","Kotak Roti & Keranjang","4"
"866","I020603","Kotak Penyimpanan Hiasan","4"
"867","I020604","Rak Piring & Aksesoris Wastafel","4"
"868","I020605","Penyimpanan Makanan","4"
"869","I020606","Penyimpanan Makanan","4"
"870","I020607","Botol & Kaleng Dapur","4"
"871","I020608","Tas & Kotak Makan Siang","4"
"872","I020609","Tempat Tissue & Serbet","4"
"873","I020610","Tempat Handuk","4"
"874","I020611","Ruang Penyimpanan","4"
"875","I020612","Wadah & Rak Penyimpanan Bumbu","4"
"876","I020613","Tempat Sendok","4"
"877","I020614","Rak Roti","4"
"878","I020615","Alat Pemotong & Laci","4"
"879","I020616","Alas Pelindung Alat Makan","4"
"880","I020617","Keranjang Penyimpanan","4"
"881","I0207","Peralatan & Aksesoris Dapur","3"
"882","I020701","Peralatan Barbekyu & Aksesoris","4"
"883","I020702","Peralatan Dapur","4"
"884","I02070201","Pembuka Kaleng","5"
"885","I02070202","Penyimpanan Alat","5"
"886","I02070203","Parutan, Pengupas & Pemotong","5"
"887","I02070204","Pencampur Salad","5"
"888","I02070205","Peralatan Daging & Unggas","5"
"889","I02070206","Pembuat Pasta","5"
"890","I02070207","Peralatan Pizza","5"
"891","I02070208","Scoop Es Krim","5"
"892","I02070209","Peralatan Dapur Khusus","5"
"893","I020703","Aksesoris Dapur","4"
"894","I02070301","Botol Minum","5"
"895","I02070302","Wadah Penyaring & Penyaring Makanan","5"
"896","I02070303","Timbangan Dapur","5"
"897","I02070304","Tempat & Penggiling Garam & Lada","5"
"898","I02070305","Tutup Panci, Sarung & Isian","5"
"899","I02070306","Mangkuk Pencampur & Persiapan","5"
"900","I02070307","Cangkir & Sendok Pengukur","5"
"901","I02070308","Penyemprot & Dispenser Minyak","5"
"902","I02070309","Termos Air","5"
"903","I02070310","Talenan","5"
"904","I02070311","Meja Putar","5"
"905","I02070312","Meja Dispenser","5"
"907","I0301","Sprei","3"
"908","I030101","Set Seprei & Sarung Bantal Guling","4"
"909","I030102","Sarung Bantal","4"
"910","I030103","Sarung Guling","4"
"911","I030104","Set Bedcover","4"
"912","I030105","Sprei","4"
"913","I0302","Selimut & Bedcover","3"
"914","I030201","Selimut","4"
"915","I030202","Duvet","4"
"916","I030203","Comforter & Quilt","4"
"917","I030204","Selimut Elektrik","4"
"918","I030205","Set Comforter","4"
"919","I030206","Bedcover","4"
"920","I0303","Bantal","3"
"921","I030301","Bantal Ranjang","4"
"922","I030302","Bantal Leher","4"
"923","I030303","Bantal Khusus","4"
"924","I030304","Guling","4"
"925","I030305","Bantal Dekorasi, isi & Sarung","4"
"926","I0304","Perangkat Sprei","3"
"927","I030401","Set Comforter","4"
"928","I030402","Set Sprei & Bantal","4"
"929","I030403","Sprei Kamar Bayi","4"
"930","I0305","Aksesoris Tempat Tidur","3"
"931","I030501","Alas & Pelindung Matras","4"
"932","I030502","Bed Runner","4"
"933","I030503","Sham & Bed Skirt","4"
"934","I030504","Pelindung Bantal","4"
"935","I030505","Aksesoris Tempat Tidur Lainnya","4"
"937","I0401","Peralatan Mandi","3"
"938","I040101","Aksesoris Shower","4"
"939","I04010101","Tirai Shower","5"
"940","I04010102","Rel & Cincin Tirai","5"
"941","I04010103","Tempat & Gantungan Shower","5"
"942","I040102","Tempat Penyimpan Kamar Mandi","4"
"943","I04010201","Keranjang Sampah Kamar Mandi","5"
"944","I04010202","Rak & Lemari Handuk","5"
"945","I04010203","Laci Kamar Mandi","5"
"946","I04010204","Fitting Kamar Mandi","5"
"947","I040103","Aksesoris Kamar Mandi","4"
"948","I04010301","Cermin Kamar mandi","5"
"949","I04010302","Cermin Kosmetik & Cukur","5"
"950","I04010303","Kotak P3K","5"
"951","I04010304","Piring Sabun","5"
"952","I04010305","Dispenser Sabun Cair","5"
"953","I04010306","Kotak tissue","5"
"954","I04010307","Sikat Toilet","5"
"955","I04010308","Gelas Kamar Mandi","5"
"956","I04010309","Kotak Obat","5"
"957","I04010310","Timbangan Kamar Mandi","5"
"958","I04010311","Tempat Sikat Gigi","5"
"959","I04010312","Tempat tissue Toilet","5"
"960","I04010313","Gantungan Handuk & Penghangat","5"
"961","I04010314","Tirai Toilet","5"
"962","I0402","Handuk","3"
"963","I040201","Handuk Mandi","4"
"964","I040202","Handuk Tangan","4"
"965","I040203","Handuk Wajah","4"
"966","I040204","Handuk Pantai","4"
"967","I040205","Handuk & Jubah Mandi Bayi","4"
"968","I040206","Handuk Anak","4"
"969","I040207","Alas Kamar Mandi","4"
"970","I040208","Jubah Mandi","4"
"972","I0501","Isi & Sarung Bantal Dekorasi","3"
"973","I050101","Sarung Bantal","4"
"974","I050102","Isi Bantal","4"
"975","I050103","Bantal","4"
"976","I0502","Cermin","3"
"977","I050201","Cermin Berdiri","4"
"978","I050202","Cermin Genggam","4"
"979","I050203","Cermin Travel","4"
"980","I050204","Cermin Dinding","4"
"981","I050205","Cermin Kamar Mandi","4"
"982","I050206","Cermin Kosmetik & Cukur","4"
"983","I0503","Gorden & Tirai","3"
"984","I050301","Tirai & Hiasan","4"
"985","I050302","Kelambu Jendela","4"
"986","I050303","Krey Jendela","4"
"987","I050304","Penutup Jendela","4"
"988","I050305","Panel","4"
"989","I0504","Jam","3"
"990","I050401","Jam Alarm","4"
"991","I050402","Jam Dinding","4"
"992","I050403","Jam Khusus","4"
"993","I0505","Tikar & Karpet","3"
"994","I050501","Alas","4"
"995","I050502","Karpet Lorong","4"
"996","I050503","Karpet Rajut","4"
"997","I050504","Karpet Rajut Mesin","4"
"998","I050505","Karpet Rajutan","4"
"999","I050506","Karpet Rajut Tangan","4"
"1000","I050507","Alas Karpet","4"
"1001","I050508","Karpet Dapur","4"
"1002","I050509","Karpet Outdoor","4"
"1003","I050510","Karpet Ubin","4"
"1004","I050511","Karpet Anak","4"
"1005","I050512","Karpet Kulit Hewan","4"
"1006","I050513","Karpet Oriental & Tradisional","4"
"1007","I050514","Karpet Bulu","4"
"1008","I0506","Hiasan Dinding","3"
"1009","I050601","Lukisan","4"
"1010","I050602","Poster & Cetak","4"
"1011","I050603","Stiker Dinding","4"
"1012","I050604","Permadani Dinding","4"
"1013","I050605","Kaligrafi","4"
"1014","I050606","Dekorasi Dinding Lainnya","4"
"1015","I0507","Dekorasi Rumah Lainnya","3"
"1016","I050701","Vas & Bejana","4"
"1017","I050702","Kotak & Keranjang Hias","4"
"1018","I050703","Piring & Mangkuk Hias","4"
"1019","I050704","Bingkai","4"
"1020","I050705","Patung & Pajangan","4"
"1021","I050706","Bookend","4"
"1022","I050707","Globe","4"
"1023","I050708","Lilin & Tempat Lilin","4"
"1024","I050709","Bunga & Tanaman Artifisial","4"
"1025","I050710","Wewangian Rumah","4"
"1026","I050711","Pemisah Ruangan","4"
"1027","I050712","Keset","4"
"1028","I050713","Penahan Pintu","4"
"1029","I050714","Kain Penutup","4"
"1030","I050715","Lemari & Kotak Perhiasan","4"
"1031","I050716","Aksen Dekorasi Rumah","4"
"1033","I0601","Perabotan Dapur","3"
"1034","I060101","Bak Cuci Piring","4"
"1035","I060102","Aksesoris Bak Cuci Piring","4"
"1036","I060103","Saringan Keran Bak Cuci Piring","4"
"1037","I060104","Dispenser Air Berdiri & Cooler","4"
"1038","I060105","Keran Cuci Piring & Bar","4"
"1039","I060106","Pembuangan Sampah","4"
"1040","I060107","Penyaring Teko","4"
"1041","I0602","Perlengkapan Kamar Mandi","3"
"1042","I060201","Wastafel Kamar Mandi","4"
"1043","I060202","Keran Wastafel Kamar Mandi","4"
"1044","I060203","Keran Shower & Bak Mandi","4"
"1045","I060204","Bak Mandi","4"
"1046","I060205","Toilet Bidet & Aksesoris","4"
"1047","I060206","Peralatan Cuci","4"
"1048","I060207","Toilet & Perlengkapan Toilet","4"
"1049","I06020701","Toilet","5"
"1050","I06020702","Kursi Toilet","5"
"1051","I06020703","Gayung","5"
"1052","I06020704","Tangki Toilet","5"
"1053","I06020705","Urinal","5"
"1054","I060208","Laundry & Utility Fixtures","4"
"1055","I060209","Shower","4"
"1056","I0603","Penerangan & Komponen","3"
"1057","I060301","LED","4"
"1058","I060302","Penghemat Energi","4"
"1059","I060303","Lampu Darurat","4"
"1060","I0604","Lantai","3"
"1061","I060401","Lantai Kayu","4"
"1062","I060402","Lantai Laminasi","4"
"1063","I060403","Lantai Vinyl","4"
"1064","I060404","Lantai Bambu","4"
"1065","I060405","Keramik Dinding & Lantai","4"
"1066","I060406","Logam Perak Mosaik Ubin Aksen","4"
"1067","I060407","Lantai Keramik","4"
"1068","I060408","Perekat & Mortar","4"
"1069","I060409","Alas Ubin","4"
"1070","I060410","Aksesoris Lantai","4"
"1071","I0605","Ledeng","3"
"1072","I060501","Ledeng Berat","4"
"1073","I060502","Saringan","4"
"1074","I060503","Komponen & Suku Cadang Ledeng","4"
"1075","I060504","Katup","4"
"1076","I060505","Selang & Pipa","4"
"1077","I0606","Perkakas","3"
"1078","I060601","Paku, Sekrup & Pengencang","4"
"1079","I06060101","Paku","5"
"1080","I06060102","Staples","5"
"1081","I06060103","Sekrup","5"
"1082","I06060104","Pengencang","5"
"1083","I06060105","Baut","5"
"1084","I06060106","Lainnya","5"
"1085","I060602","Perkakas Furnitur","4"
"1086","I06060201","Bantalan Mebel","5"
"1087","I06060202","Roda","5"
"1088","I06060203","Alas Kaki Meja/Kursi","5"
"1089","I06060204","Alas Penggeser Furnitur","5"
"1090","I060603","Perekat & Penyegel","4"
"1091","I06060301","Lem Kayu","5"
"1092","I06060302","Selotip","5"
"1093","I06060303","Lakban","5"
"1094","I060604","Terpal & Pengait","4"
"1095","I06060401","Pasak & Pengait","5"
"1096","I06060402","Terpal","5"
"1097","I060605","Perkakas & Kunci Pintu","4"
"1098","I06060501","Alas Bawah Pintu","5"
"1099","I06060502","Kunci & Gerendel","5"
"1100","I06060503","Rantai Pintu & Aksesoris Lainnya","5"
"1101","I060606","Gantungan Lukisan","4"
"1102","I0607","Keamanan","3"
"1103","I060701","Perlengkapan Keamanan Kerja","4"
"1104","I06070101","Perlindungan Telinga","5"
"1105","I06070102","Perlindungan Mata","5"
"1106","I06070103","Helm, Topi, & Tutup Kepala","5"
"1107","I06070104","Pad Lutut & Siku","5"
"1108","I06070105","Masker & Penyaring","5"
"1109","I06070106","Cone Pengaman & Pita","5"
"1110","I06070107","Aksesoris Lainnya","5"
"1111","I060702","Ikat Pinggang Peralatan & Baju Keamanan Kerja","4"
"1112","I06070201","Celemek Kerja","5"
"1113","I06070202","Kover & Scrub","5"
"1114","I06070203","Sarung Tangan","5"
"1115","I06070204","Jaket Kerja","5"
"1116","I06070205","Celana Kerja","5"
"1117","I06070206","Baju Kerja Hujan","5"
"1118","I06070207","Kemeja Kerja","5"
"1119","I06070208","Celana Kerja Panjang","5"
"1120","I06070209","Tali Pendukung & Harness","5"
"1121","I06070210","Sabuk","5"
"1122","I06070211","Rompi Kerja","5"
"1123","I06070212","Sepatu Pengaman","5"
"1124","I060703","Alarm & Sensor Rumah","4"
"1125","I0608","Pagar & Gerbang","3"
"1126","I0609","Peralatan Listrik & Genggam","3"
"1127","I060901","Peralatan Genggam","4"
"1128","I06090101","Komunikasi","5"
"1129","I06090102","Jerigen","5"
"1130","I06090103","Keranjang Dorong & Dolly","5"
"1131","I06090104","Barang-barang Industri","5"
"1132","I06090105","Lampu Penerangan Tempat Kerja","5"
"1133","I06090106","Rop","5"
"1134","I06090107","Rantai","5"
"1135","I06090108","Kait","5"
"1136","I06090109","Keselamatan Rumah","5"
"1137","I06090110","Caulking Gun","5"
"1138","I06090111","Pahat, Pendorong & Pin","5"
"1139","I06090112","Penjepit","5"
"1140","I06090113","Peralatan Pembersih","5"
"1141","I06090114","Pengencang, Perekat & Solder","5"
"1142","I06090115","Alat Kikir","5"
"1143","I06090116","Palu","5"
"1144","I06090117","Kunci L Hex & Spline","5"
"1145","I06090118","Peralatan Pemeriksa","5"
"1146","I06090119","Pisau & Alat Serbaguna","5"
"1147","I06090120","Alat Penanda","5"
"1148","I06090121","Alat Ukur","5"
"1149","I06090122","Tang","5"
"1150","I06090123","Alat Pencungkil","5"
"1151","I06090124","Stop Kontak & Ratchet","5"
"1152","I06090125","Gergaji","5"
"1153","I06090126","Gunting & Pemotong","5"
"1154","I06090127","Sekrup & Mur","5"
"1155","I06090128","Pisau Swiss","5"
"1156","I06090129","Alat Perkakas","5"
"1157","I06090130","Sekop","5"
"1158","I06090131","Derek","5"
"1159","I06090132","Kunci Pas","5"
"1160","I060902","Tangga & Pijakan","4"
"1161","I060903","Peralatan Listrik","4"
"1162","I06090301","Chuck","5"
"1163","I06090302","Combo Kit","5"
"1164","I06090303","Palu Penghancur","5"
"1165","I06090304","Obeng Elektrik","5"
"1166","I06090305","Pistol Pelumas","5"
"1167","I06090306","Amplas Listrik","5"
"1168","I06090307","Kunci Pas","5"
"1169","I06090308","Jointer","5"
"1170","I06090309","Stapler & Pisau Paku","5"
"1171","I06090310","Planer","5"
"1172","I06090311","Bor Listrik","5"
"1173","I06090312","Power Routers","5"
"1174","I06090313","Amplas Elektrik","5"
"1175","I06090314","Gergaji Listrik","5"
"1176","I06090315","Gunting Besi","5"
"1177","I06090316","Peralatan Las","5"
"1178","I06090317","Peralatan Listrik Outdoor","5"
"1179","I06090318","Lainnya","5"
"1180","I060904","Aksesoris Peralatan Listrik","4"
"1181","I06090401","Baterai & Charger","5"
"1182","I06090402","Amplas","5"
"1183","I06090403","Arbor","5"
"1184","I06090404","Mata Bor","5"
"1185","I06090405","Mata Pisau","5"
"1186","I06090406","Alat Pemotong","5"
"1187","I06090407","Aksesoris Bor & Mata Bor","5"
"1188","I06090408","Extractor","5"
"1189","I06090409","Lubang Gergaji","5"
"1190","I06090410","Mandrel","5"
"1191","I06090411","Power Tool Consumable","5"
"1192","I06090412","Router Bit","5"
"1193","I06090413","Aksesoris & Perkakas","5"
"1194","I0610","Pemeliharaan Rumah","3"
"1195","I061001","Pembersih Rumah Tangga","4"
"1196","I06100101","Peralatan Pembersih Dapur","5"
"1197","I06100102","Penggosok & Pelicin","5"
"1198","I06100103","Pembersih Cair","5"
"1199","I06100104","Perawatan Bahan Kulit","5"
"1200","I06100105","Kain & Handuk Pembersih","5"
"1201","I06100106","Kantong Sampah","5"
"1202","I06100107","Ember Plastik","5"
"1203","I06100108","Sapu, Kain Pel & Sweeper","5"
"1204","I06100109","Sikat Pembersih","5"
"1205","I06100110","Kemoceng & Serok Sampah","5"
"1206","I06100111","Pendorong","5"
"1207","I061002","Aksesoris Laundry","4"
"1208","I06100201","Rak Pengering","5"
"1209","I06100202","Gantungan Baju","5"
"1210","I06100203","Papan Setrika","5"
"1211","I06100204","Kantung Laundry","5"
"1212","I06100205","Aksesoris lainnya","5"
"1213","I061003","Kantong Belanja","4"
"1214","I061004","Tempat Sampah","4"
"1215","I0611","Perawatan Jendela","3"
"1216","I0612","Perangkat Cat","3"
"1217","I0613","Senter","3"
"1218","I0614","Bahan Bangunan","3"
"1219","I0615","Elektrik","3"
"1220","I061501","Breaker, Pusat Tenaga & Sekring Listrik","4"
"1221","I061502","Kabel, Tali & Adaptor","4"
"1222","I061503","Lampu Isi Ulang","4"
"1223","I061504","Baterai","4"
"1224","I061505","Aksesoris Elektrik Lainnya","4"
"1225","I0616","Garasi & Penyimpanan Alat-Alat","3"
"1226","I061601","Rak Sepeda & Olahraga","4"
"1227","I061602","Lantai Garasi & Karpet","4"
"1228","I061603","Alat Penyimpanan Portabel","4"
"1229","I061604","Rak & Tempat Sampah","4"
"1230","I061605","Kaitan","4"
"1231","I061606","Lemari & Kotak Alat - alat Perkakas","4"
"1232","I061607","Penyangga Alat Perkakas","4"
"1233","I061608","Lemari Penyimpanan Alat","4"
"1234","I061609","Garasi","4"
"1235","I061610","Meja Kerja","4"
"1237","I0701","Tanaman & Alat Berkebun","3"
"1239","I0801","Anjing","3"
"1240","I080101","Tempat tidur & Aksesoris","4"
"1241","I080102","Rantai dan Pengaman","4"
"1242","I080103","Makanan & Cemilan","4"
"1243","I080104","Mainan","4"
"1244","I080105","Perawatan Hewan","4"
"1245","I080106","Pengangkut Anjing","4"
"1246","I0802","Kucing","3"
"1247","I080201","Tempat tidur & Aksesoris","4"
"1248","I080202","Rantai dan Pengaman","4"
"1249","I080203","Makanan & Cemilan","4"
"1250","I080204","Mainan","4"
"1251","I080205","Perawatan Hewan","4"
"1252","I080206","Pengangkut Kucing","4"
"1253","I0803","Burung, Ikan & Hewan Kecil Lainnya","3"
"1254","I080301","Tempat tidur & Aksesoris","4"
"1255","I080302","Rantai dan Pengaman","4"
"1256","I080303","Makanan & Cemilan","4"
"1257","I080304","Mainan","4"
"1258","I080305","Perawatan Hewan","4"
"1259","I0804","Akuarium & Aksesoris","3"
"1261","I0901","Penyimpanan & Pengaturan","3"
"1262","I0902","Penerangan","3"
"1264","I1001","Hadiah & Suvenir","3"
"1267","J0101","Wanita","3"
"1268","J010101","Handbags","4"
"1269","J010102","Clutches","4"
"1270","J010103","Wallets","4"
"1271","J010104","Utility","4"
"1272","J010105","Backpack","4"
"1273","J010106","Shoulder Bags","4"
"1274","J010107","Sling Bags","4"
"1275","J010108","Tote Bags","4"
"1276","J010109","Satchel Bags","4"
"1277","J010110","Hobo Bags","4"
"1278","J010111","Vanity Kits","4"
"1279","J0102","Pria","3"
"1280","J010201","Backpacks","4"
"1281","J010202","Shoulder Bags","4"
"1282","J010203","Collage Bags","4"
"1283","J010204","Coin Purses & Pouches","4"
"1284","J010205","Wallets","4"
"1285","J010206","Travel Bags","4"
"1286","J010207","Overnighters","4"
"1287","J010208","Hiking Bags","4"
"1288","J010209","Card Cases","4"
"1289","J010210","Sport Bags","4"
"1290","J010211","Messanger Bags","4"
"1291","J0103","Anak-anak","3"
"1292","J010301","Card Cases","4"
"1293","J010302","Softside","4"
"1294","J010303","Hardside","4"
"1295","J010304","Carry on","4"
"1296","J010305","Rolling Uprights","4"
"1297","J010306","Spinners","4"
"1298","J010307","Luggage Sets","4"
"1299","J010308","Travel Accessories","4"
"1301","J0201","Kunci","3"
"1302","J0202","Timbangan","3"
"1303","J0203","Tali Strap","3"
"1304","J0204","Tag","3"
"1305","J0205","Travel Organizer","3"
"1306","J0206","Sampul Paspor","3"
"1307","J0207","Lainnya","3"
"1310","K0101","Fitness","3"
"1311","K010101","Yoga","4"
"1312","K010102","Pilates","4"
"1313","K010103","Peralatan Latihan Cardio","4"
"1314","K010104","Aksesoris","4"
"1315","K0102","Tenis","3"
"1316","K010201","Bola","4"
"1317","K010202","Raket","4"
"1318","K010203","Net","4"
"1319","K010204","Peralatan Latihan","4"
"1320","K010205","Aksesoris","4"
"1321","K0103","Badminton","3"
"1322","K010301","Bola","4"
"1323","K010302","Raket","4"
"1324","K010303","Net","4"
"1325","K0104","Sepak Bola","3"
"1326","K010401","Gawang","4"
"1327","K01040101","Gawang Portable","5"
"1328","K01040102","Gawang Portable","5"
"1329","K01040103","Aksesoris","5"
"1330","K010402","Aksesoris Pelindung","4"
"1331","K01040201","Sarung Tangan Kiper","5"
"1332","K01040202","Pelindung Kepala","5"
"1333","K01040203","Pelindung Kaki","5"
"1334","K010403","Bantuan Pelatihan","4"
"1335","K01040301","Peralatan Pelatihan","5"
"1336","K01040302","Jaring Gawang","5"
"1337","K01040303","Rompi Sepak Bola","5"
"1338","K01040304","Alat Bantu Ketangkasan","5"
"1339","K010404","Aksesoris","4"
"1340","K01040401","Peralatan Pelatihan","5"
"1341","K01040402","Rak Penyimpanan Bola","5"
"1342","K01040403		","Stadion & Bantal Kursi","5"
"1343","K0105","Bola Basket","3"
"1344","K010501","Backboards & Sistem","4"
"1345","K01050101","Hoop Portable","5"
"1346","K01050102","Sistem In-Ground","5"
"1347","K01050103","Rim & Net","5"
"1348","K01050104","Papan Bola Basket","5"
"1349","K01050105","Door Hoop","5"
"1350","K01050106","Aksesoris","5"
"1351","K010502","Basketball","4"
"1352","K01050201","Bola Basket Outdoor","5"
"1353","K01050202","Bola Basket Indoor","5"
"1354","K01050203","Bola Basket Indoor + Outdoor","5"
"1355","K01050204","Bola Basket Kecil","5"
"1356","K01050205","Penyimpanan Bola & Rak","5"
"1357","K010503","Peralatan Latihan","4"
"1358","K01050301","Alat Bantu Ketangkasan","5"
"1359","K01050302","Papan Skor","5"
"1360","K0106","Bola Voli","3"
"1361","K010601","Lapangan & Peralatan Latihan","4"
"1362","K01060101","Alat Bantu Ketangkasan","5"
"1363","K01060102","Bola Voli Set & Net","5"
"1364","K01060103","Bola Voli Cart","5"
"1365","K010602","Bola Voli","4"
"1366","K01060201","Bola Voli Pantai","5"
"1367","K01060202","Bola Voli Indoor & Outdoor","5"
"1368","K01060203","Bola Voli Indoor","5"
"1369","K01060204","Bola Voli untuk Latihan","5"
"1370","K01060205","Rak Penyimpanan Bola","5"
"1371","K0107","Tenis Meja","3"
"1372","K010701","Bola","4"
"1373","K010702","Net","4"
"1374","K010703","Tas & Penutup","4"
"1375","K010704","Bat","4"
"1376","K010705","Meja Ganti Popok Bayi","4"
"1377","K010706","Aksesoris","4"
"1378","K0108","Lari","3"
"1379","K010801","Sabuk Lari & Tas","4"
"1380","K010802","Sleeve Tangan & Kaki","4"
"1381","K010803","Peralatan Elektronik","4"
"1382","K010804","Aksesoris Reflektif","4"
"1383","K0109","Renang","3"
"1384","K010901","Tas","4"
"1385","K010902","Fin & Floaties","4"
"1386","K010903","Kacamata Renang","4"
"1387","K010904","Penutup Kepala","4"
"1388","K01090401","Penutup Stretch","5"
"1389","K01090402","Penutup Strap","5"
"1390","K0110","Golf","3"
"1391","K011001","Bola","4"
"1392","K011002","Stik Tongkat Golf","4"
"1393","K011003","Sarung Tangan & Kaos","4"
"1394","K011004","Peralatan Latihan Golf","4"
"1395","K011005","Rangefinder","4"
"1396","K011006","Tas Golf & Penutup","4"
"1397","K011007","Aksesoris","4"
"1398","K0111","Bela Diri","3"
"1399","K011101","Sarung Tangan & Bantalan Target","4"
"1400","K011102","Peralatan Tanding","4"
"1401","K011103","Aksesoris","4"
"1402","K0112","Squash","3"
"1403","K011201","Bola & Kacamata","4"
"1404","K011202","Raket","4"
"1405","K011203","Tas Raket","4"
"1406","K0113","Cricket","3"
"1407","K011301","Tas Raket","4"
"1408","K011302","Bola","4"
"1409","K011303","Bat","4"
"1410","K011304","Sarung Tangan","4"
"1411","K011305","Set","4"
"1412","K011306","Penjaga Gawang","4"
"1413","K011307","Aksesoris","4"
"1414","K0114","Tinju","3"
"1415","K011401","Sarung Tangan","4"
"1416","K011402","Peralatan Gym Tinju","4"
"1417","K011403","Bantalan Tinju","4"
"1418","K011404","Aksesoris Pelindung Tinju","4"
"1419","K011405","Pukulan Mitt","4"
"1420","K011406","Tas Tinju & Aksesoris","4"
"1421","K0115","Rugby","3"
"1422","K011501","Bola","4"
"1423","K011502","Peralatan Rugby","4"
"1424","K0116","Peralatan Olahraga Lainnya","3"
"1426","K0201","Helm & Pelindung","3"
"1427","K020101","Helm","4"
"1428","K020102","Rompi Safety","4"
"1429","K020103","Pelindung Tubuh & Pad","4"
"1430","K020104","Masker Polusi","4"
"1431","K0202","Ikat Kepala","3"
"1432","K0203","Wristband","3"
"1434","K0301","Olahraga Sepeda","3"
"1435","K030101","Sepeda & Skuter","4"
"1436","K030102","Komponen Sepeda","4"
"1437","K030103","Aksesoris Sepeda","4"
"1438","K0302","Mendaki","3"
"1439","K0303","Skuter & Ride-On","3"
"1440","K030301","Ride-On","4"
"1441","K030302","Skuter","4"
"1442","K030303","Trike","4"
"1443","K0304","Olahraga Skateboard","3"
"1444","K030401","Parts","4"
"1445","K030402","Skateboard","4"
"1446","K030403","Aksesoris","4"
"1447","K0305","Olahraga Air","3"
"1448","K030501","Boarding","4"
"1449","K030502","Boating","4"
"1450","K030503","Diving & Snorkeling","4"
"1451","K030504","Jaket Pelampung","4"
"1452","K030505","Towable","4"
"1453","K0306","Memancing & Berlayar","3"
"1454","K030601","Berlayar","4"
"1455","K030602","Aksesoris Memancing & Berlayar","4"
"1456","K030603","Jaket Pelampung","4"
"1457","K030604","Tongkat & Kail Pancing","4"
"1458","K030605","Tackle","4"
"1459","K0307","Permainan Outdoor","3"
"1460","K030701","Permainan Lapangan","4"
"1461","K030702","Area Bermain","4"
"1462","K030703","Permainan Kolam & Pantai","4"
"1465","DC0302","Pakaian Tidur","3"
"1466","DC0301","Pakaian Dalam","3"
"1468","C040101","Atasan","3"
"1469","C040102","Bawahan","3"
"1470","C040103","Jaket","3"
"1471","C040104","Pakaian Dalam","3"
"1472","C040105","Etnik","3"
"1473","C040106","Pakaian Olahraga","3"
"1474","C040107","Lainnya","3"
"1475","C040108","Pakaian Renang","3"
"1477","DC0702","Pakaian Tidur","3"
"1478","DC0701","Pakaian Dalam","3"
"1480","L0101","Mainan Anak Laki-laki","3"
"1481","L010101","Die Cast","4"
"1482","L010102","Remote Control","4"
"1483","L010103","Battery Operated","4"
"1484","L010104","Mainan Edukatif Tarik","4"
"1485","L010105","Mainan Koleksi","4"
"1486","L0102","Mainan Anak Perempuan","3"
"1487","L010201","Boneka & Rumah Boneka","4"
"1488","L010202","Mainan Boneka","4"
"1489","L01020201","Boneka Binatang","5"
"1490","L01020202","Mainan Boneka","5"
"1491","L0103","Action Figure","3"
"1492","L0104","Mainan Edukasi","3"
"1493","L010401","Mainan Blok","4"
"1494","L010402","Lilin","4"
"1495","L010403","Seni & Kerajinan Tangan","4"
"1496","L010404","Permainan Set","4"
"1497","L010405","Lainnya","4"
"1498","L0105","Papan Permainan","3"
"1499","L010501","Permainan Elektronik","4"
"1500","L010502","Permainan Non-Elektronik","4"
"1501","L010503","Papan","4"
"1502","L0106","Mainan Outdoor","3"
"1503","L010601","Sepeda & Skuter","4"
"1504","L010602","Play","4"
"1505","L010603","Kolam Renang & Aksesoris","4"
"1506","L010604","Ride On","4"
"1507","L010605","Skateboard","4"
"1508","L010606","Lainnya","4"
"1509","L0107","Mainan Boneka","3"
"1510","L010701","Boneka Binatang","4"
"1511","L010702","Boneka Karakter","4"
"1512","L010703","Lainnya","4"
"1513","L0108","Permainan Kayu","3"
"1515","C040201","Atasan","3"
"1516","C040202","Bawahan","3"
"1517","C040203","Jaket","3"
"1518","C040204","Pakaian Dalam","3"
"1519","C040205","Etnik","3"
"1520","C040206","Pakaian Olahraga","3"
"1521","C040207","Lainnya","3"
"1522","C040208","Pakaian Renang","3"
"1524","L0201","Pakaian Bayi","3"
"1525","L020101","Essensi","4"
"1526","L020102","Kemeja","4"
"1527","L020103","Kaos","4"
"1528","L020104","Layette","4"
"1529","L020105","Jaket & Sweater","4"
"1530","L020106","Celana Jeans","4"
"1531","L020107","Booties","4"
"1532","L020108","Sepatu Anak Laki-laki","4"
"1533","L020109","Jumper & Rompi","4"
"1534","L020110","Pakaian Bermain","4"
"1535","L020111","Pakaian Musim Hujan","4"
"1536","L0202","Perlengkapan Bayi","3"
"1537","L020201","Kursi Mobil","4"
"1538","L020202","Alat Pengangkut","4"
"1539","L020203","Kursi","4"
"1540","L020204","Kereta Bayi","4"
"1541","L020205","Walker & Bouncer","4"
"1542","L020206","Aksesoris Perlengkapan Bayi","4"
"1543","L0203","Perlengkapan & Perawatan Bayi","3"
"1544","L020301","Bedak Bayi","4"
"1545","L020302","Minyak Esensial Mandi Bayi","4"
"1546","L020303","Handuk & Jubah","4"
"1547","L020304","Bak Mandi & Aksesoris","4"
"1548","L020305","Sabun","4"
"1549","L020306","Cotton Buds","4"
"1550","L020307","Aksesoris Perawatan","4"
"1551","L020308","Lotion & Krim","4"
"1552","L020309","Minyak Pijat","4"
"1553","L020310","Shampo","4"
"1554","L0204","Popok & Perlengkapan Buang Air","3"
"1555","L020401","Tas Popok","4"
"1556","L020402","Popok","4"
"1557","L02040201","Popok Celana","5"
"1558","L02040202","Popok Perekat","5"
"1559","L02040203","Popok Renang Bayi","5"
"1560","L02040204","Popok Combo","5"
"1561","L02040205","Popok Dewasa","5"
"1562","L020503","Botol & Aksesoris","4"
"1563","L020504","Pompa ASI & Aksesoris","4"
"1564","L020505","Sterilizer & Penghangat","4"
"1565","L020506","Alat Makan Bayi","4"
"1566","L0205","Perlengkapan Makan","3"
"1567","L020501","Alat Pengolah Makanan Bayi","4"
"1568","L020502","Bibs & Hankies","4"
"1569","L020503","Botol & Aksesoris","4"
"1570","L02050301","Botol & Aksesoris","5"
"1571","L02050302","Dot","5"
"1572","L02050303","Setir & Aksesoris","5"
"1573","L02050304","Aksesoris Perawatan","5"
"1574","L02050305","Botol Penyimpan ASI","5"
"1575","L02050306","Empeng","5"
"1576","L020504","Pompa ASI & Aksesoris","4"
"1577","L020505","Sterilizer & Penghangat","4"
"1578","L02050502","Penghangat","5"
"1579","L02050501","Sterilizer","5"
"1580","L020506","Alat Makan Bayi","4"
"1581","L02050601","Cangkir","5"
"1582","L02050602","Piring","5"
"1583","L02050603","Mangkuk Makanan","5"
"1584","L02050604","Set","5"
"1585","L020507","Susu Formula & Makanan Bayi","4"
"1586","L02050701","Susu Formula","5"
"1587","L02050702","Makanan Bayi","5"
"1588","L02050703","Makanan Balita","5"
"1589","L02050704","Minuman dan Jus","5"
"1590","L02050705","Suplemen Gizi","5"
"1591","L02050706","Susu Formula Pertumbuhan","5"
"1592","L02050707","Susu Formula Ibu","5"
"1593","L020508","Kursi Bayi","4"
"1594","L0206","Kamar Anak","3"
"1595","L020601","Tempat Tidur","4"
"1596","L02060101","Set","5"
"1597","L02060102","Selimut","5"
"1598","L02060103","Bantal","5"
"1599","L02060104","Kantong Tidur","5"
"1600","L02060105","Aksesoris Lainnya","5"
"1601","L020602","Keranjang & Ayunan Bayi","4"
"1602","L020604","Bassinet & Crady","4"
"1603","L020605","Meja Ganti Popok Bayi","4"
"1604","L0207","Kesehatan & Keamanan Bayi","3"
"1605","L020701","Keamanan Bayi","4"
"1606","L020702","Pembersih","4"
"1607","L020703","Perawatan Mulut","4"
"1608","L02070301","Sikat Gigi","5"
"1609","L02070302","Pasta Gigi","5"
"1610","L020704","Teether & Soother","4"
"1611","L02070401","Teether","5"
"1612","L02070402","Soother","5"
"1613","L02070403","Pertolongan Pertama","5"
"1614","L02070404","Monitor Bayi","5"
"1615","L0208","Perlengkapan Kehamilan","3"
"1616","L020801","Aksesoris Kehamilan","4"
"1617","L020802","Pelembab & Krim","4"
"1618","L020803","Bantal Hamil","4"
"1619","L020804","Ikat Pinggang Ibu Hamil","4"
"1620","L020805","Alas & Dot Payudara","4"
"1621","L020806","Pakaian Hamil","4"
"1623","C040301","Tas","3"
"1624","C040302","Topi","3"
"1625","C040303","Sunglass","3"
"1626","C040304","Ikat Pinggang","3"
"1627","C040305","Aksesoris Lainnya","3"
"1629","C040401","Tas","3"
"1630","C040402","Topi","3"
"1631","C040403","Aksesoris Rambut","3"
"1632","C040404","Sunglass","3"
"1633","C040405","Ikat Pinggang","3"
"1634","C040406","Aksesoris Lainnya","3"
"1636","DC0806","Kaus Kaki","3"
"1637","C040501","Sepatu Olahraga","3"
"1638","C040502","Boots","3"
"1639","C040503","Sneakers","3"
"1640","C040504","Sandal","3"
"1641","C040505","Slip-on","3"
"1643","C040601","Sepatu Olahraga","3"
"1644","DC0405","Sandal","3"
"1645","DC0407","Kaus Kaki","3"
"1646","C040602","Boots","3"
"1647","C040603","Sneakers","3"
"1648","C040604","Flat Shoes","3"
"1649","C040605","Slip-on","3"
"1652","M0101","Perawatan Mobil","3"
"1653","M010101","Set Perawatan Mobil","4"
"1654","M010102","Perawatan Eksterior","4"
"1655","M010103","Perawatan Kaca","4"
"1656","M010104","Perawatan Interior","4"
"1657","M0102","Aksesoris Eksterior","3"
"1658","M010201","Penutup Mobil","4"
"1659","M010202","Deflektor & Pelindung","4"
"1660","M010203","Grille & Pelindung Grille","4"
"1661","M010204","Lampu & Aksesoris Lampu","4"
"1662","M010205","Running Board & Pijakan","4"
"1663","M010206","Alat Derek","4"
"1664","M0103","Aksesoris Interior","3"
"1665","M010301","Penyegar Udara","4"
"1666","M010302","Alas Bagasi","4"
"1667","M010303","Alas Dashboard","4"
"1668","M010304","Alas Lantai","4"
"1669","M010305","Alat Pengukur Kecepatan","4"
"1670","M010306","Penutup Kursi","4"
"1671","M010307","Setir & Aksesoris","4"
"1672","M0104","Aksesoris Truk","3"
"1673","M010401","Cargo Management","4"
"1674","M010402","Deflektor & Pelindung","4"
"1675","M010403","Grille & Pelindung Grille","4"
"1676","M010404","Terpal","4"
"1677","M010405","Alat Derek","4"
"1678","M010406","Roda Truk","4"
"1680","M0201","GPS Mobil","3"
"1681","M0202","GPS Golf","3"
"1682","M0203","GPS Sepeda","3"
"1684","M0301","Aksesoris","3"
"1685","M0302","Helm","3"
"1686","M0303","Jaket","3"
"1687","M0304","Celana","3"
"1688","M0305","Peralatan Pelindung","3"
"1690","M0401","Oli & Cairan Lainnya","3"
"1692","M0501","Perawatan Cat, Bodi & Trim","3"
"1694","M0601","Sistem Rem","3"
"1695","M0602","Sistem Pembuangan","3"
"1696","M0603","Filter","3"
"1697","M0604","Penerangan","3"
"1698","M0605","Shock Breaker","3"
"1699","M0606","Suspensi & Chassis","3"
"1700","M0607","Wiper","3"
"1702","M0701","Peralatan Uji & Diagnosa","3"
"1703","M0702","Peralatan Mesin","3"
"1704","M0703","Toko & Garasi","3"
"1705","M0704","Perkakas Tangan","3"
"1706","M0705","Jump Stater, Charger Baterai & Daya Portabel","3"
"1707","M0706","Perkakas Roda & Ban","3"
"1709","M0801","Roda Mobil","3"
"1710","M0802","Roda Truk","3"
"1711","M0803","Roda SUV","3"
"1712","M0804","Velg & Ban Mobil, Truk & SUV","3"
"1713","M0805","Aksesoris","3"
"1714","M0806","Rantai Salju","3"
"1715","M0807","Tire Pressure Monitoring (TPMS)","3"
"1716","M0808","Perawatan Roda & Ban","3"
"1718","M0901","Aksesoris & Suku Cadang Jeep","3"
"1719","M0902","Aksesoris & Suku Cadang RV","3"
"1720","M0903","Elektronik Pelayaran","3"
"1721","M0904","Elektronik Mobil","3"
"1722","M0905","Stereo Mobil","3"
"1723","M0906","Speaker Mobil","3"
"1724","M0907","Kamera Video Mobil","3"
"1725","M0908","Amplifier Mobil","3"
"1726","M0909","Subwoofer Mobil","3"
"1727","M0910","Detektor Radar","3"
"1728","M0911","Radio Satelit","3"
"1731","N0101","Bahan Pembuat Kue","3"
"1732","N010101","Tepung","4"
"1733","N010102","Pelapis","4"
"1734","N010103","Pewarna Makanan","4"
"1735","N010104","Lainnya","4"
"1736","N0102","Biskuit & Wafer","3"
"1737","N0103","Makanan Ringan","3"
"1738","N0104","Permen & Coklat","3"
"1739","N0105","Pelengkap Sarapan","3"
"1740","N010501","Teh & Kopi","4"
"1741","N010502","Mentega & Margarin","4"
"1742","N010503","Selai","4"
"1743","N0106","Minyak Goreng","3"
"1744","N0107","Beras & Biji-bijian","3"
"1745","N0108","Mie & Pasta","3"
"1746","N0109","Makanan Kaleng","3"
"1747","N010901","Buah","4"
"1748","N010902","Daging & Ikan","4"
"1749","N0110","Makanan Diet","3"
"1750","N0111","Saus & Bumbu Pelengkap","3"
"1751","N0112","Rokok","3"
"1753","N0201","Minuman Berkarbonasi","3"
"1754","N0202","Jus & Sirup","3"
"1755","N0203","MInuman Bubuk","3"
"1756","N0204","Air Mineral","3"
"1757","N0205","Susu","3"
"1758","N020501","Tetrapack & UHT","4"
"1759","N020502","Susu Botol","4"
"1760","N020503","Susu Kaleng","4"
"1763","P0101","Fiksi","3"
"1764","P010101","Aksi & Petualangan","4"
"1765","P010102","Fiksi Ilmiah","4"
"1766","P010103","Komik","4"
"1767","P010104","Novel","4"
"1768","P010105","Thriller","4"
"1769","P010106","Romantika","4"
"1770","P0102","Edukasi & Teknologi","3"
"1771","P010201","Teknik","4"
"1772","P010202","Komputer","4"
"1773","P010203","Transportasi","4"
"1774","P0103","Kesehatan & Fitness","3"
"1775","P010301","Kedokteran","4"
"1776","P010302","Diet","4"
"1777","P010303","Olahraga","4"
"1778","P010304","Kesehatan","4"
"1779","P010305","Fitness","4"
"1780","P0104","Agama & Spiritual","3"
"1781","P010401","Islam","4"
"1782","P010402","Kristen","4"
"1783","P010403","Hindu","4"
"1784","P010404","Buddha","4"
"1785","P010405","New Age","4"
"1786","P010406","Lainnya","4"
"1787","P0105","Sosial - Politik & Ekonomi","3"
"1788","P0106","Sejarah & Biografi","3"
"1789","P0107","Buku Musik","3"
"1791","P0201","Majalah Lifestyle & Gosip","3"
"1792","P0202","Majalah Kesehatan & Olahraga","3"
"1793","P0203","Otomotif","3"
"1794","P0204","Pengantin & Pernikahan","3"
"1795","P0205","Fashion & Style","3"
"1796","P0206","Orang Tua & Keluarga","3"
"1797","P0207","Majalah Pria","3"
"1798","P0208","Ekonomi & Teknologi","3"
"1799","P0209","Majalah Musik","3"
"1800","P0210","Lainnya","3"
"1802","P0301","Instrumen Musik","3"
"1803","P030101","Headphone Pro & DJ","4"
"1804","P030102","Gitar","4"
"1805","P030103","Gitar Bass","4"
"1806","P030104","Woodwind","4"
"1807","P030105","Peralatan Rekaman","4"
"1808","P030106","Drum & Perkusi","4"
"1809","P030107","Keyboard & Piano","4"
"1810","P030108","DJ, Karaoke & Musik Elektronik","4"
"1811","P030109","Band & Orkestra","4"
"1812","P030110","Sound System Panggung","4"
"1813","P030111","Aksesoris Instrumen Musik","4"
"1814","P030112","Lainnya","4"
"1816","P0401","Aksi","3"
"1817","P0402","Komedi Romantis","3"
"1818","P0403","Drama","3"
"1819","P0404","Edukasi & Teknologi","3"
"1820","P0405","Horor","3"
"1821","P0406","Romantika","3"
"1822","P0407","Komedi Romantis","3"
"1823","P0408","Fiksi Ilmiah","3"
"1824","P0409","Lainnya","3"
"1826","P0501","Mewarnai","3"
"1827","P050101","Pensil Warna","4"
"1828","P050102","Krayon","4"
"1829","P050103","Oil Pastel","4"
"1830","P050104","Buku Mewarnai","4"
"1831","P050105","Buku Gambar","4"
"1832","P050106","Buku Sketsa","4"
"1833","P0502","Peralatan Menulis","3"
"1834","P050201","Pena & Ballpoint","4"
"1835","P050202","Pensil","4"
"1836","P050203","Spidol","4"
"1837","P050204","Highlighter","4"
"1838","P050205","Penanda Berwarna","4"
"1839","P050206","Gel & Ink","4"
"1842","Q0101","Donation","3"
